bedrooms,bathrooms,sqft_living,sqft_lot,floors,condition,sqft_above,sqft_basement,yr_built,yr_renovated,price
4,2.5,1940,10500,1,4,1140,800,1976,1992,550000
4,2.5,2920,4000,1.5,5,1910,1010,1909,1988,1400000
4,1.75,1600,6380,1,3,1130,470,1959,1989,495000
3,2.5,2600,4750,1,4,1700,900,1951,1999,790000
4,2.5,2860,3345,2,3,2190,670,2004,2003,499950
4,2,1820,5000,1.5,3,1640,180,1945,2010,650000
4,2.5,3630,42884,1.5,3,2300,1330,1979,2014,400000
3,2.5,2390,a,1,4,1440,950,1955,2009,750000
4,1.5,1920,10000,1,4,1070,850,1954,1979,430000
4,2.5,2530,9933,2,3,2010,520,1990,2009,331950
4,2,2280,6010,1,3,1140,1140,1900,2005,628000
4,3,2170,4000,2,4,1610,560,1982,2011,831000
4,2.5,2120,10202,1,4,1620,500,1960,2001,755000
4,2.25,1990,7712,1,3,1210,780,1973,2013,627000
3,2.25,1800,36704,1,4,1360,440,1978,2000,410000
3,1.5,2160,9000,1,4,1400,760,1949,1985,650000
3,2,2350,5700,1.5,4,1810,540,1939,1989,770000
5,2.75,2740,8426,1,4,1370,1370,1960,2001,541125
5,2.5,3090,12750,1,3,1750,1340,1968,1997,384900
5,2,1840,9240,1,4,1540,300,1942,1958,435000
4,1,2070,7519,1,3,1160,910,1963,2008,501000
4,1,1390,4240,1,3,1050,340,1924,2011,657100
5,2,2050,10200,1,3,1430,620,1956,2001,210000
2,1,1770,8640,1.5,3,1520,250,1949,1998,585000
3,2,1800,5000,1,4,1080,720,1942,1982,618500
4,1.75,2010,9211,1,3,1470,540,1977,2004,487585
3,1,1350,7740,1,4,860,490,1947,1988,353000
3,1.5,1630,7475,1,3,1160,470,1940,1996,650000
4,2.75,3370,8103,1,3,1970,1400,1970,2014,1135000
4,2.25,2810,23400,1,3,1710,1100,1958,2004,407000
4,1.75,1500,11600,1,4,1000,500,1955,2009,379900
2,2.25,1230,929,2,3,1020,210,2004,2003,460000
4,2,2060,5000,1,3,1030,1030,1949,2013,612500
3,1.75,1850,7684,1,3,1320,530,1979,2014,218000
4,1.75,1840,10720,1,3,960,880,1958,2004,404000
3,1,1510,6083,1,4,860,650,1940,2001,313950
3,1.75,2130,6500,1,3,1170,960,1954,2005,575000
2,1.75,1660,6000,1,3,1160,500,1942,1999,484000
5,2.75,1800,3780,1.5,3,1400,400,1926,2003,533000
3,1.75,1690,7735,1,4,1060,630,1976,1992,197000
5,5,4490,10279,2,3,3930,560,2013,1923,1800000
5,2.25,2060,8632,1,3,1030,1030,1962,2003,255000
3,2.75,2520,5401,1,4,1360,1160,1946,1989,750000
9,4.5,3830,6988,2.5,3,2450,1380,1938,2003,599999
4,2,2510,13695,1,4,1280,1230,1961,2001,581000
4,2.5,3305,16164,1.5,5,2245,1060,1922,1956,492000
4,1.5,2310,13300,1,3,1890,420,1950,2005,1110000
4,2.5,2650,4316,1.5,3,1520,1130,1905,2013,705000
4,2.25,1890,5940,1,3,1470,420,1963,2008,940000
3,3,2960,5500,2,3,2440,520,1937,1990,1340000
3,1.75,1500,6180,1,4,1060,440,1947,1988,440000
3,1,1340,4284,1,3,1080,260,1910,2006,530000
3,1.75,1640,10762,1,3,1130,510,1988,2000,226500
4,2.75,2140,13000,1,3,1320,820,1968,1997,409500
3,2,1760,6428,1,4,980,780,1942,1982,690000
4,2,2210,8556,1,4,1210,1000,1954,1979,794154
2,1,1540,6872,1,4,820,720,1946,1989,615000
4,1.75,1730,8320,1,3,1230,500,1977,2004,258000
3,1,1670,4080,1,3,1170,500,1967,2011,533000
3,1,1250,4620,1.5,4,1150,100,1900,1971,712000
4,1.5,2130,8800,1,3,1100,1030,1962,2003,260000
2,1.75,2200,89298,1,3,1100,1100,1973,2013,295000
4,1.75,2060,26036,1,4,1160,900,1947,1988,647500
4,1.75,2480,9195,1,3,1390,1090,1950,2005,780000
4,1.75,2250,13515,1,4,2150,100,1940,2001,350000
4,1.75,2000,6120,1,3,1100,900,1965,1993,228000
4,1.75,1840,9600,1,3,1220,620,1967,2011,538000
3,1.75,950,6000,1,3,790,160,1939,1969,230000
5,3.25,2800,3200,1.5,5,1910,890,1932,2002,1307000
3,3.25,2640,4080,2,3,1840,800,1912,2000,930000
4,3.5,3810,13592,1,3,2560,1250,2013,1923,839900
3,3,2480,45302,1,4,1620,860,1976,1992,610000
3,1.75,1390,8700,1,4,840,550,1912,1989,280950
4,2.75,1970,7213,1,3,1170,800,1977,2004,323000
5,3,3480,57499,1,4,2340,1140,1976,1992,532000
4,2.75,3100,3773,2,3,2000,1100,1919,1996,742500
2,1,1420,81892,1,3,1180,240,1956,2001,360000
4,2.5,2830,20345,2,3,1980,850,1979,2014,782000
3,1,1030,6127,1,3,880,150,1947,2012,252500
5,4.5,5190,23716,2,3,3390,1800,1987,2000,1702500
2,2,1150,6634,1,3,860,290,1940,1996,445000
4,2,2520,6000,1,3,1400,1120,1921,2007,875000
4,1,1940,9533,1,3,1080,860,1962,2003,265000
2,2.5,1230,1391,2,3,870,360,2004,2003,490000
2,1,1220,2500,1,3,770,450,1910,2006,255000
3,3.25,2170,12508,1.5,5,1650,520,1928,1970,876650
4,2.25,2540,228254,1,3,1450,1090,1990,2009,540000
4,1.75,2120,4650,1,3,1190,930,1951,1994,582000
4,3.5,3460,3997,2,3,2560,900,2004,2003,1315000
5,3,2480,10090,1,3,1300,1180,2004,2003,372500
3,2.5,2920,34527,1,4,1800,1120,1954,1983,1015000
3,2.5,1040,2643,2,3,720,320,2004,2003,210000
3,1,980,6380,1,3,760,220,1941,1994,499950
5,3,2100,7715,1,3,1250,850,2013,1923,330000
3,1.75,1440,8040,1,3,960,480,1951,1994,315275
4,1.75,1940,4800,1,5,1030,910,1922,1956,505000
4,2.5,2760,5000,1.5,5,1680,1080,1928,1970,734200
3,2.25,2350,10450,1,3,1390,960,1977,2004,460000
3,2,1770,6610,1,4,960,810,1954,1979,449500
4,2,2260,6000,1,3,1430,830,1958,2004,628000
5,1.75,2020,7902,1,3,1220,800,1962,2003,245000
3,1.75,1960,5000,1,5,980,980,1911,1984,415000
6,3,2890,2370,2.5,3,2290,600,1906,2014,799200
3,1.75,1680,2400,1,5,870,810,1922,1956,591000
4,2.5,3740,8700,1,3,2260,1480,2004,2003,475000
3,1.75,1580,11750,1,4,1180,400,1951,1999,575000
3,1.5,1310,3880,1,3,1090,220,1956,2001,717000
3,2,1480,6600,1,3,740,740,1943,2002,385000
5,2,2290,7125,1,3,1190,1100,1964,2000,580000
4,1.75,2180,13529,1,3,1090,1090,1956,2001,405000
4,1,1410,6000,1,3,810,600,1925,2002,413000
3,1,1660,7210,1,3,1100,560,1963,2008,225000
4,1.75,1620,4980,1,4,860,760,1947,1988,385000
4,1.75,1900,8250,1,4,950,950,1955,2009,542000
3,1,1290,5500,1,3,980,310,1951,1994,372220
5,2,1700,7314,1,3,1000,700,1956,2001,337500
3,2.5,2090,7640,1,3,1360,730,1962,2014,543000
4,1.75,2010,8625,1,4,1340,670,1957,2001,364000
3,1,1660,7500,1,4,1060,600,1940,2001,458000
5,1.75,2220,6000,1.5,3,1420,800,1923,1998,607500
2,1,980,2130,1,4,860,120,1918,1974,400000
3,2,1650,7352,1,3,1160,490,1979,2014,252350
4,1.75,2930,11562,1,3,1670,1260,1947,2012,840000
3,2,1400,7384,1,3,1150,250,1979,2014,225000
5,4.25,3920,16258,2,3,2900,1020,1990,2009,1000000
4,1.75,1890,8000,1,4,1250,640,1960,2001,375000
7,3.5,2870,29699,1,3,1520,1350,1961,2004,475000
3,1.75,1790,6117,1,3,1350,440,1940,1996,790000
3,1.75,1680,250470,1,4,1070,610,1940,2001,350000
4,3.25,3740,12080,1,3,2000,1740,1988,2000,1085000
3,2,1400,6200,1,3,700,700,1948,1994,240000
4,2,2560,7798,1,4,1890,670,1947,1988,640000
4,1.75,2290,10290,1,3,1340,950,1960,2012,343000
4,2.5,3020,17810,1,3,1600,1420,1979,2014,575000
3,1.75,1960,8136,1,3,980,980,1948,1994,340000
4,3.5,3930,5680,2,3,2820,1110,2013,1923,828950
3,1.75,1560,4049,1.5,3,1000,560,1926,2003,451000
2,1,2020,7200,1,4,1700,320,1947,1988,720000
4,2.25,1860,7000,1,3,1120,740,1979,2014,239900
4,2.25,2270,7800,1,3,1290,980,1977,2004,446000
4,1.5,1370,9957,1,3,900,470,1972,2002,370000
3,2,2050,3933,1,3,1180,870,1926,2001,724800
3,2,2220,6641,1,4,1220,1000,1947,1988,875000
3,2.25,2060,38377,1,4,1560,500,1978,2000,306500
3,2,1020,1204,2,3,720,300,2004,2003,238000
5,1.75,1730,5200,1,4,1050,680,1978,2000,205000
3,2.5,1480,1663,2,3,1180,300,2012,1912,341000
3,2.25,1410,14110,1,3,1170,240,1987,2000,352500
3,1.5,1710,4500,1.5,3,1410,300,1928,1954,462000
4,1,1660,4690,1.5,3,1260,400,1945,2010,560000
4,1.75,2080,13629,1,4,1040,1040,1955,2009,285000
4,2.75,2730,3560,1.5,3,1550,1180,1921,2007,885000
3,2.75,2170,7900,1,4,1380,790,1978,2000,296500
3,1,1500,4100,1.5,3,1370,130,1926,2003,485000
4,1.75,2310,8045,1,4,1650,660,1976,1992,319950
4,3,2240,6000,1.5,4,1270,970,1914,1945,1190000
4,3.5,2680,10000,2,3,2040,640,1942,2014,520000
2,1.75,1480,5120,1,4,840,640,1951,1999,483945
4,1.75,1280,6060,1,3,860,420,1926,2003,575000
4,2.75,2820,13193,1,3,1860,960,1965,1993,615000
3,1,1910,8190,1,4,1010,900,1946,1989,490000
6,2,2150,4505,1,3,1270,880,1952,2008,755000
2,2.25,1230,1280,2,3,960,270,2012,1912,387000
4,2.75,2620,13777,1.5,4,1720,900,1926,1993,978000
6,3,2880,3192,2,4,2180,700,1919,1985,1125000
3,1.5,1650,9936,1,3,1090,560,1967,2011,219950
4,1.75,2180,28710,1,3,1180,1000,1950,2005,210000
4,3.5,4460,16953,1,3,2550,1910,1962,1994,1800000
3,1,910,8000,1,4,740,170,1950,1983,299950
4,2.25,2560,12100,1,4,1760,800,1976,1992,765000
4,1.5,2500,6300,1,4,1500,1000,1961,2001,250000
4,1.75,1650,7775,1,4,1150,500,1950,1983,475000
3,2,2020,8118,1,3,1020,1000,1963,2008,507500
4,2.5,1600,6765,1,3,830,770,1947,2011,329000
4,1.75,2090,4300,1.5,4,1250,840,1925,1968,494000
4,1.75,1940,6909,1,4,970,970,1941,1998,423000
5,3.5,4460,2975,3,3,3280,1180,2013,1923,490000
3,1.75,1380,7350,1,3,990,390,1981,2013,195000
4,3.25,3660,5800,2.5,3,3360,300,1909,1995,1506000
3,2.75,2100,10362,2,3,1510,590,1998,2006,525000
4,2,1790,2250,1,4,840,950,1909,1989,475000
3,2,1540,7947,1,3,1120,420,1961,2004,385500
3,1.75,1390,10905,1,3,860,530,1957,2000,270000
4,2.75,2290,6120,2,4,2170,120,1926,1993,1003000
4,2.75,2550,8632,1,3,1700,850,1972,2002,691000
2,0.75,850,7710,1,5,550,300,1909,1988,360000
3,2.5,1990,8991,1,3,1570,420,1969,2010,256750
4,2.5,2340,6420,1,3,1590,750,1964,2000,668750
4,2,1660,6150,1,3,850,810,1945,2010,452000
2,1,1030,4841,1,3,920,110,1939,1969,535000
4,3.25,2790,5420,1,3,1130,1660,1963,2013,970000
2,1,1200,4000,1,3,1070,130,1940,1996,450000
3,1.75,2380,6000,1.5,3,1320,1060,1935,1974,285000
4,1.75,3000,42200,1,3,1500,1500,1950,2005,585000
4,3,3220,8936,2,3,2450,770,1990,2009,430000
4,2.75,2750,14982,1,3,1720,1030,1981,2013,604700
2,1.75,2860,59612,1,3,1510,1350,1948,2003,503000
4,1.75,2740,8520,1,3,1370,1370,1954,2005,657000
4,2.75,2570,7264,2,3,1720,850,1998,2006,254500
4,3,3600,9200,1,4,2100,1500,1976,1992,1075000
4,2,1580,8000,1,3,1040,540,1967,2011,245000
2,1,1400,4500,1,3,900,500,1922,2008,180000
4,3.25,3340,10890,1.5,3,2240,1100,1963,2000,910000
4,1.5,1740,7292,1,3,1020,720,1962,2003,180000
3,1.75,1610,7200,1,3,1090,520,1973,2013,1180500
4,2.5,3240,13978,1,3,1860,1380,1977,2004,635700
4,1.75,2260,7005,1,4,1130,1130,1947,1988,648360
3,1,1670,4005,1.5,4,1170,500,1939,1989,460000
3,1,1920,6862,1,3,1120,800,1952,2008,325000
4,3,3680,5854,1,3,2060,1620,1967,2011,980000
4,2.5,1810,39639,1,3,1230,580,1970,2014,235000
2,1,1680,6500,1,4,1140,540,1941,1998,515000
5,1.75,2120,8399,1,4,1320,800,1942,1982,377691
4,2.75,2250,5700,1,3,1200,1050,1951,1994,648475
3,1,1800,5612,1,4,1200,600,1942,1982,383000
2,1.5,1030,4500,1,3,830,200,1924,2011,595000
4,2,3510,12905,1,3,2210,1300,1965,1982,554820
4,3,3370,7920,1,3,1860,1510,1988,2000,1325000
3,1.75,1620,7540,1,3,1310,310,1988,2000,258000
4,2,2840,13367,1,3,1420,1420,1952,2008,945000
3,1.75,1620,8645,1,3,1190,430,1973,2013,467100
4,3.5,4390,11600,2,3,3060,1330,1990,2009,1610000
3,1,1430,5000,1,4,1080,350,1919,1985,552000
4,1.75,1814,5000,1,4,944,870,1951,1999,530000
3,1.75,1300,2580,1,5,820,480,1919,1934,462000
3,1,1500,3920,1,3,1000,500,1947,2012,606000
3,3,2980,28000,1,3,1820,1160,1981,2013,675000
2,1.5,2730,19877,1,4,1570,1160,1976,1992,460000
2,1,1160,6000,1,4,860,300,1942,1982,468000
4,2.5,2920,7200,1,3,1470,1450,1921,2006,1050000
4,3,3000,4000,1.5,3,1970,1030,1913,2014,688000
4,2.5,2680,7200,1,3,1380,1300,1952,2013,800000
3,1.75,1980,8100,1,4,1310,670,1949,1985,405000
4,2.5,2870,9292,2,3,2540,330,1979,2014,399000
4,2,2330,6250,1,4,1400,930,1941,1998,344950
3,2.5,2330,1987,2,3,1410,920,2004,2003,732000
3,2.25,1950,8868,1,3,1350,600,1964,2000,415000
4,3.5,3080,4815,2,3,2300,780,1937,2009,1655000
5,1.5,1900,10226,1,3,1130,770,1961,2004,415000
3,3,2520,2152,1.5,3,1560,960,1925,2006,780000
3,3.75,3250,5797,2,4,2370,880,1951,1999,967500
3,1.5,2000,7294,1,3,1520,480,1965,1993,375000
3,1.75,2310,78844,1,3,1760,550,1977,2004,527500
3,2.25,2510,6339,1.5,5,1810,700,1932,2002,994000
3,1,1200,6250,1,3,920,280,1943,2002,280000
3,1.75,1670,7415,1,3,1320,350,1987,2000,274950
3,1.5,2500,4774,1.5,3,1450,1050,1940,1996,725000
4,3,5940,11533,2,3,4950,990,2004,2003,1149000
4,2.75,2020,2750,1,3,1010,1010,1917,2014,599000
4,2.75,3040,2800,2,3,2100,940,1906,2014,840000
3,1.75,1980,5100,1,3,1270,710,1965,1993,432500
6,3.25,4250,23326,1,3,2150,2100,1967,2011,465000
3,2.5,1970,23180,1,3,1100,870,1937,1998,1175000
4,3.25,2980,7000,2,3,2140,840,1900,2014,1400000
4,2.75,3650,6982,2,4,2530,1120,1951,2003,1210000
3,1.75,1490,9800,1,4,1140,350,1947,1988,745000
3,2,2520,5400,1.5,4,1410,1110,1906,1990,840500
3,1.75,1820,22320,1,3,1250,570,1977,2004,420000
3,1.75,1580,7416,1,3,1150,430,1967,2011,600000
4,1,1450,6250,1,3,990,460,1964,2000,277000
3,1.75,1300,4127,1,4,650,650,1918,1953,270000
2,1.75,2320,5500,1.5,3,1720,600,1925,2000,700000
3,1.75,1400,4000,1,3,870,530,1951,1994,510250
4,1.75,2330,4000,2,5,1300,1030,1924,1956,840000
3,3.75,3890,7140,1,3,2390,1500,1943,2007,430000
4,1.5,2040,8800,1,4,1020,1020,1961,2001,510000
4,2.25,1720,9753,1,4,1120,600,1978,2000,264950
3,1.75,1590,11914,1,3,1090,500,1957,2000,267500
4,1.5,1390,7200,1,3,1140,250,1965,1993,400000
4,2.25,2280,6660,1.5,3,1960,320,1940,1984,820000
2,1,1260,5000,1,3,1040,220,1951,1994,436500
5,3,2170,2440,1.5,4,1450,720,1911,1966,750500
5,2,2450,9488,1,4,1240,1210,1900,1955,550000
4,1.75,1880,7632,1,4,1180,700,1978,2000,266500
4,2.75,1240,3867,1,3,800,440,1987,2000,400000
3,2.25,2270,8876,1,3,1380,890,1977,2004,332000
5,1.75,1880,10000,1,3,960,920,1963,2008,405000
3,1.5,2600,5085,1,4,1400,1200,1940,2001,540000
3,2,2590,108900,2,3,1980,610,1988,2000,503000
3,1,2110,10005,1,5,1110,1000,1924,1956,475300
4,4.25,4960,6000,2.5,3,3680,1280,1909,2003,1425000
3,1.75,1940,7313,1,4,1440,500,1960,2001,685000
3,1.75,1680,3000,1,4,840,840,1900,1971,425000
4,3.25,4140,20734,1,3,3300,840,1977,2005,2400000
3,2,1550,8509,1,3,1150,400,1959,1989,369000
3,1.75,1920,5405,1,4,960,960,1947,1988,490000
3,1.75,1700,8400,1,3,1460,240,1947,2012,750000
4,2.5,2310,3570,1.5,3,1490,820,1927,2014,700000
4,2.25,2060,8470,1,3,1440,620,1983,2009,655000
5,2.5,3090,23265,1,3,2990,100,1957,2000,458000
5,3.75,3990,18897,2,3,3090,900,1937,2010,740000
2,1,1880,7560,1,3,940,940,1919,2001,280000
3,1.75,2580,11000,1,4,1290,1290,1951,1999,459900
5,2.75,2220,4000,1,3,1230,990,1973,2013,427000
3,2,1330,6000,1,4,630,700,1900,1971,240000
3,1.75,2180,10230,1,4,1090,1090,1961,2001,325000
3,1.75,1790,12000,1,3,1040,750,1960,2012,243000
4,3.5,3480,7232,2,3,2580,900,1926,2010,1505000
3,1.5,2030,8880,1,3,1330,700,1963,2008,404000
3,2.75,2930,5569,1,3,1860,1070,2004,2003,559900
2,1,1210,4800,1,3,1060,150,1950,2005,380000
2,1.75,1710,4234,2,3,1330,380,1920,1979,405000
3,1.75,2160,6272,1,4,1390,770,1960,2001,820000
4,2.25,1990,4600,1.5,4,1420,570,1932,1958,661000
4,2,1850,7560,1,4,1540,310,1978,2000,250000
2,1,1170,6000,1,4,970,200,1941,1998,455000
3,2.5,1960,7200,1,4,980,980,1940,2001,635000
3,2.25,2130,8721,1,3,1570,560,1987,2000,316000
3,2.25,3020,43560,2,3,2720,300,1969,2010,955000
3,1.75,1890,7004,1,3,1290,600,1965,1993,465500
4,2.75,2340,11034,1,3,1720,620,1967,2011,440000
3,1.75,2770,39927,1,4,1580,1190,1978,2000,492000
5,2.5,3020,21441,1,4,1510,1510,1978,2000,320000
3,1.75,1990,5650,1,3,1320,670,1963,2008,345000
3,1,1450,8820,1,3,1050,400,1958,2004,274950
2,1,1140,5720,1,3,850,290,1947,2012,455000
4,1.75,1720,4240,1.5,4,1460,260,1925,1968,540000
3,2.25,1410,1290,2,3,1290,120,2004,2003,391000
3,2.25,1660,6000,1,3,1110,550,1979,2014,425000
3,1.75,1370,3850,1,5,770,600,1911,1988,850000
4,2.25,2220,8872,1,4,1110,1110,1961,2001,495000
4,2.5,3030,9687,2,3,2020,1010,1998,2006,471000
3,2,1440,5600,1,4,720,720,1942,2007,230000
3,1.75,2220,132858,1,3,1110,1110,1988,2000,435000
2,1,1230,6600,1,3,1130,100,1906,2014,440000
3,2.25,3800,33825,1,4,3330,470,1976,1992,575000
3,1.75,1660,9600,1,3,1380,280,1981,2013,420000
3,2,1880,10758,1,5,940,940,1952,1998,320000
4,3,4590,9150,2,3,3490,1100,1981,2013,960000
3,2,2060,4040,1,4,1120,940,1947,1988,605000
6,1.5,2550,33740,1,4,1750,800,1958,1972,375900
3,1.75,2880,18296,1,3,1580,1300,1958,2004,285000
4,2.5,1960,14242,1,4,1290,670,1958,1972,600000
3,3.25,1530,1602,2,3,1140,390,2013,1923,320000
5,2.5,3200,17204,1,3,2160,1040,1952,2008,1270000
3,1.75,2640,8000,1,4,1320,1320,1960,2001,1025000
3,2.5,1720,8755,1,3,1000,720,1983,2009,275000
3,1.75,2090,4725,2,3,1610,480,1947,2013,865000
2,1.75,1500,6800,1,4,910,590,1942,1982,437000
5,3.25,3410,9088,2,3,2760,650,1912,1994,2400000
5,2.5,2650,11455,1,3,1400,1250,1961,2004,565000
4,2.5,4060,9734,1,3,2150,1910,1977,2004,603500
4,2.25,2500,8500,1,4,1600,900,1978,2000,646000
3,3.25,4720,32467,2,3,3190,1530,1998,2006,860000
3,1.75,1840,5101,1,5,1040,800,1952,1998,411715
3,1.5,1020,9072,1,3,920,100,1930,1997,489000
3,1.5,1810,29308,1,3,950,860,1983,2009,261000
2,1.75,1650,4000,1,4,950,700,1947,1988,355000
3,1.5,2080,5244,1,3,1190,890,1959,1989,399950
3,2,1750,9750,1,3,1350,400,1961,2004,279950
3,1,1690,4250,1,3,1020,670,1967,2011,269000
4,1,2000,4676,1.5,3,1250,750,1916,1986,450000
5,2.5,2920,5568,2,3,2320,600,1906,2014,875000
4,1.5,1920,10403,1,3,1370,550,1959,1989,210000
4,2.75,2420,10962,1,3,1530,890,1977,2004,725000
3,1.75,1910,4800,1,3,1080,830,1959,1989,700000
4,2.75,2020,10720,1,4,1420,600,1976,1992,555000
3,1,1430,3840,1,3,950,480,1945,2010,466500
3,1.5,1180,12324,1,3,800,380,1981,2013,372500
4,1.75,1830,29110,2,3,1230,600,1990,2009,610000
2,1,1190,7408,1,3,830,360,1941,1994,229000
4,3.25,4160,35654,2,3,2760,1400,1973,2013,530000
4,2.75,2330,7642,1,3,1800,530,1990,2009,257000
3,1.5,1890,9450,1,3,1090,800,1957,2000,270000
4,1.75,2000,6032,1,3,1300,700,1959,1989,453500
4,2.5,2820,6180,2,3,2050,770,2013,1923,735000
2,1.5,1490,4080,1,3,930,560,1956,2001,389250
3,1.5,1750,12500,1,3,1150,600,1954,2005,315000
3,1.5,1900,5000,1.5,3,1640,260,1926,2003,550000
3,1.75,1910,12596,1,3,1340,570,1977,2004,415000
3,1.75,1470,6250,1,4,1070,400,1939,1989,432000
4,3.25,3450,11240,2,4,2430,1020,1960,2001,1035000
4,4,4270,6002,2,3,3180,1090,2004,2003,1300000
3,1.5,2170,16600,1,3,1130,1040,1979,2014,1150000
4,2.75,2880,5750,1.5,5,1710,1170,1928,1970,920000
2,1,1730,9610,1,3,1380,350,1962,2003,200000
3,1,1840,8100,1,4,920,920,1953,1983,185000
3,1.75,1980,3300,1.5,4,1140,840,1926,1993,660000
5,2.5,4600,19831,1,3,2300,2300,1956,2013,805000
4,3,2720,3800,2,5,1800,920,1919,1934,739000
2,1.75,1740,5400,1,4,990,750,1946,1989,452000
3,1.75,1640,13500,1,3,1110,530,1940,1996,450000
5,3.5,4220,26784,1,3,2110,2110,1958,2006,1635000
3,1.5,1860,7963,1,3,1200,660,1963,2008,288350
3,2.5,2850,10474,1,4,1730,1120,1954,1979,1150000
3,1.75,2240,8153,1,3,1120,1120,1948,1994,440000
4,2.5,2030,3905,1.5,4,1630,400,1926,1993,831000
4,2.5,2730,4800,1.5,5,2230,500,1909,1988,980000
3,1.75,2210,16200,1,3,1390,820,1958,2004,625000
3,3.5,1500,1249,2,3,1240,260,2004,2003,489000
3,2.5,1720,1715,2,3,1240,480,2004,2003,398000
3,1.75,1760,26055,1,3,920,840,1979,2014,225000
5,3,3670,10583,1,5,2060,1610,1952,1998,569000
3,1.75,1540,6909,1,4,920,620,1955,2009,345000
4,2,2180,3870,1,3,1020,1160,1900,2005,558000
3,1.75,2430,9133,1,4,1410,1020,1978,2000,335000
4,1,1120,2685,1,3,860,260,1939,1969,100000
3,1.75,2040,7281,1,3,1020,1020,1962,2003,253000
5,3,2830,7500,2,3,2460,370,1923,1998,1240000
3,1.75,2290,14800,1,3,1620,670,1965,1993,470000
4,1.75,2320,4322,1,3,1140,1180,1910,2006,480000
3,1.75,1820,5500,1,4,1620,200,1957,2001,659500
2,1,1380,5000,1,3,870,510,1943,2002,268000
4,1.5,1680,11123,1,3,1130,550,1959,1989,380000
2,1,1220,3000,1,3,920,300,1926,2003,499000
5,3.25,5270,17232,2,3,4010,1260,1977,2003,1795000
3,2,2110,5150,1,5,1080,1030,1919,1934,516200
4,2.5,3340,12248,2,3,2470,870,1998,2006,870000
3,1.5,2010,9480,1,3,1570,440,1951,1994,429950
5,2.5,2550,20875,1,4,1610,940,1953,1983,895000
3,2.5,1780,6771,1,3,1230,550,1990,2009,310000
5,3.25,2750,7500,2,3,2150,600,1937,1997,750000
3,1.75,1870,7189,1,3,1270,600,1959,1989,433000
3,1.75,2050,11856,1,3,1460,590,1962,2003,655275
5,3.75,3630,6000,1.5,3,2470,1160,2004,2003,1180000
4,1.75,2440,5000,1,3,1340,1100,1954,2005,566000
3,1.75,1760,8400,1,4,1460,300,1960,2001,680000
4,2,1680,5000,1,3,980,700,1950,2005,588000
2,1.75,1640,4080,1,3,840,800,1921,2000,527000
5,4.5,10040,37325,2,3,7680,2360,1940,2001,7062500
4,3.75,2690,4000,2,4,2120,570,1909,1989,800000
3,2.5,3370,19585,2,3,3200,170,1951,1994,515000
1,1.75,750,20339,1,4,550,200,1946,1989,355000
3,1.5,1270,1318,2,3,1080,190,2004,2003,386000
4,2.25,2030,13500,1,3,1230,800,1963,2008,335000
4,2.75,2490,17833,2,3,1490,1000,1979,2014,740000
4,1.75,1470,5350,1,3,980,490,1955,2005,465000
3,2.75,2500,7378,1,5,1390,1110,1948,1985,700000
3,1.75,1550,3680,1,3,1050,500,1927,2011,530000
4,1.75,2460,5100,1.5,5,1450,1010,1909,1988,735000
5,6.25,8670,64033,2,3,6120,2550,1965,2003,2888000
3,1.75,2430,14607,1,3,1230,1200,1949,1970,762400
5,2.25,3200,20158,1,3,1600,1600,1965,1993,1325000
3,1,1050,5664,1,4,910,140,1947,1988,445000
2,1,1510,4032,1.5,3,1310,200,1935,1974,575000
5,2.75,2820,4608,1,3,1450,1370,1967,2011,599000
4,2.5,3200,7500,1.5,5,1860,1340,1948,1985,1184000
5,1.75,2460,6846,1.5,5,1340,1120,1911,1984,445000
2,1.5,1630,3780,1,4,890,740,1940,2001,448000
3,2.5,2050,6420,1,3,1730,320,1956,2001,670000
3,1,1710,6556,1.5,4,1200,510,1926,1993,440000
4,2.5,2210,8465,1,3,1490,720,1990,2009,294000
4,2,2710,4750,1,4,1460,1250,1919,1985,656500
4,1.75,1890,6000,1,4,1110,780,1947,1988,430000
3,1.75,1840,8601,1,3,920,920,1905,2014,285000
4,2.5,2750,4800,2,3,1960,790,1905,2005,1030000
4,2,3140,10875,1,3,1940,1200,1939,1969,775000
5,2.25,4200,5800,2.5,4,2910,1290,1906,1990,1335000
3,1,1830,3000,1.5,3,1430,400,1926,2003,499950
4,2.5,1930,8660,1,3,1120,810,1981,2013,250600
3,1.5,1650,9957,1,4,1100,550,1961,2001,369500
3,1.75,2350,20820,1,4,1800,550,1978,2000,615000
3,1.75,1850,6869,1,5,1100,750,1919,1934,459950
3,2.25,1580,12177,1,3,1200,380,1981,2013,475000
4,2.5,2420,10285,1,3,1700,720,1958,2004,760000
5,1.5,2540,6660,2,4,2340,200,1954,1979,1120000
3,2,2250,8800,1,4,1250,1000,1925,1968,589000
3,1,1460,7200,1,3,1260,200,1906,2014,538000
3,1,1540,3399,1.5,3,1200,340,1926,2003,530100
3,2,2910,6600,2,4,1920,990,1900,1988,718500
3,1.75,1640,7437,1,3,1090,550,1948,1994,556000
4,2,1520,19672,1,3,1020,500,1920,1979,171000
3,2,1510,6710,1,3,1070,440,1972,2002,397500
3,2,1900,8100,1,4,950,950,1940,2001,520500
5,3,2430,8000,1,4,1370,1060,1957,2001,506000
3,1.75,1550,4708,1,4,860,690,1949,1985,460000
4,2.25,3040,5000,2,4,2080,960,1926,1993,1735000
3,1.75,1990,5560,1,4,1100,890,1939,1989,763101
2,1.5,1090,4000,1,3,970,120,1951,1994,460000
3,1.75,1770,8235,1,3,1030,740,1960,2012,295000
4,3,2360,6250,1,3,1460,900,1960,2012,418000
4,2,1240,3000,1,3,1040,200,1908,1988,375000
1,1,960,2640,1,3,760,200,1908,1988,332000
6,1.75,1840,2774,1,3,1060,780,1900,2005,660000
3,1.5,1760,6723,1,3,1160,600,1958,2004,470000
2,1,890,2100,1,4,760,130,1919,1985,460000
3,3.25,2940,5432,3,4,2440,500,1978,2000,1712500
3,1,1120,2300,1,4,820,300,1912,1989,552000
4,2.5,1740,7500,1,4,1220,520,1976,1992,518000
3,1,1770,5720,1.5,4,1140,630,1926,1993,373000
2,1,1200,4880,1,3,980,220,1943,2002,245000
5,2.5,2760,8015,1,4,1600,1160,1960,2001,378000
4,1.5,2220,9496,1,4,1490,730,1954,1979,921000
3,1.5,2040,6000,1,3,1340,700,1957,2000,335000
4,2.5,3070,34412,1,4,2070,1000,1950,1983,1920000
3,2.75,2670,3738,1,3,1720,950,2013,1923,798800
5,1,1710,9100,1.5,4,1320,390,1926,1993,560000
3,1.5,1880,7400,1,3,1480,400,1968,1997,405000
4,4.25,3010,4887,2,4,1940,1070,1951,1996,870000
3,1.75,1440,12888,1,3,1090,350,1958,2004,260000
4,1,1720,2800,1.5,4,1200,520,1926,1993,547000
5,6.75,9640,13068,1,3,4820,4820,1983,2009,4668000
2,2.25,1230,932,2,3,1020,210,2004,2003,479000
3,1.75,2180,7700,1,3,1480,700,1961,2004,506000
2,1.5,1480,7276,1,4,940,540,1978,2000,269500
3,1.5,1450,7375,1,3,1010,440,1968,1997,402000
3,2.25,2880,7599,1,3,1710,1170,1958,2002,1538000
4,3.75,4100,22798,1.5,5,2540,1560,1934,1979,2027000
4,3,3700,20570,1,4,1850,1850,1976,1992,1728000
4,2.5,2650,11520,2,3,2110,540,1988,2000,720000
7,4.25,3670,4000,2,3,2800,870,1964,2000,824000
3,1.75,1700,8432,1,3,1230,470,1977,2004,475000
4,1.75,1980,10800,1,5,990,990,1948,1985,711000
4,2,2030,9600,1.5,3,1430,600,1947,2012,253779
4,1.5,2050,7100,1,3,1050,1000,1963,2008,265000
4,2.5,2660,12672,1,4,1740,920,1960,2001,310000
3,2,2020,5500,1.5,3,1790,230,1937,1999,1400000
4,2,1970,10500,1,3,1820,150,1961,2004,410000
5,2.5,2240,7543,1,3,1140,1100,1966,1963,469000
3,2,1670,7700,1,3,1170,500,1972,2002,424000
5,2.25,1870,11411,1,4,1170,700,1961,2001,554000
3,1.75,1510,4800,1,3,860,650,1925,2011,465000
3,2.5,2160,3000,1.5,3,1260,900,1909,2011,378750
4,2.25,2150,20181,1,3,1090,1060,1963,2008,380000
3,2,1340,4320,1,3,920,420,1912,1993,186000
4,2,2080,13510,1,3,1040,1040,1950,2005,248000
4,2.25,2370,6000,1,3,1440,930,1959,1989,899000
3,1.75,2310,11200,1,4,1630,680,1978,2000,385000
3,1,1320,8450,1,3,880,440,1961,2004,232500
4,2,1790,14690,1,4,1670,120,1960,2001,240000
6,2,1670,3000,1,5,900,770,1911,1984,680000
4,3.5,3820,13224,2,3,3280,540,1990,2009,1240000
2,1.75,1590,5136,1.5,3,1320,270,1927,2011,850000
3,2.25,1600,10240,1,3,1090,510,1979,2014,390000
3,3.5,3390,10078,2,3,3040,350,2012,1912,750000
3,2.75,1910,7280,1,3,1160,750,1979,2014,441000
7,3.5,4640,15235,2,3,2860,1780,1965,2003,1950000
3,1,1500,4000,1,3,900,600,1925,2002,395000
3,2,1430,3480,1,3,980,450,1947,2012,450000
4,1,2080,5500,1,3,1040,1040,1941,1994,480000
3,1.5,1520,4288,1,3,1020,500,1949,1998,380000
4,2.25,2870,5453,2,4,2220,650,1926,1993,665900
4,2.25,2450,21000,1,4,1650,800,1954,1979,455000
4,2,2200,7700,1,3,1100,1100,1979,2014,279000
2,1,1260,3960,1,3,690,570,1925,2002,412000
5,3,3110,12429,1,3,1790,1320,1977,2004,436500
5,2.75,3260,11700,1,3,1630,1630,1964,2000,681500
5,4,3366,7800,2.5,3,2966,400,1937,1999,1300000
4,4.5,3850,13551,2,3,3000,850,1998,2006,995000
3,2.25,1790,10209,1,3,1290,500,1967,2011,425000
4,3,3740,30884,2,3,3060,680,1988,2000,869000
2,1,1240,27042,1,3,1000,240,1943,2002,355000
5,2.75,2280,10319,1,3,1300,980,1959,1989,420000
4,2.25,2170,9665,1,4,1300,870,1976,1992,488800
4,2,2120,11479,1,4,1060,1060,1940,2001,489000
7,5.5,6630,13782,2,3,4930,1700,2004,2003,1240000
5,2.25,2290,7420,1,3,1290,1000,1973,2013,359900
5,3,2630,3149,2,3,1670,960,2013,1923,420000
3,2.5,2200,20000,1,3,1400,800,1952,2008,1100000
4,1.5,1550,9176,1,3,1000,550,1956,2001,418000
3,1.75,2610,5544,1.5,3,1680,930,1934,1978,750000
2,1.75,1330,6000,1,4,960,370,1914,1945,565000
4,3.5,3530,14406,2,3,2570,960,1987,2000,874150
4,2.5,2040,8400,1,3,1420,620,1963,2008,500000
3,1.75,1560,7207,1,3,1250,310,1983,2009,440000
7,3,2800,9569,1,3,1400,1400,1963,2008,350000
4,2.5,1850,5040,1,3,1230,620,1930,2013,449000
3,2,1200,5029,1,3,880,320,1937,1999,420000
3,3.75,1950,8625,1,3,1360,590,1959,1989,345100
3,2,1890,1599,2,3,1430,460,2012,1912,458500
3,2,2950,12196,2,4,2310,640,1918,1974,495000
3,1.75,1560,5223,1,4,810,750,1940,2001,399950
3,1.75,1840,7412,1,4,1240,600,1976,1992,269500
3,1.75,1600,10280,1,3,1050,550,1977,2004,442500
4,1.75,1450,8891,1.5,3,1180,270,1962,2003,235000
3,1.75,1270,8100,1,3,880,390,1950,2005,346000
3,1,1150,8145,1,4,990,160,1932,1958,290000
3,1.75,2390,7149,1,3,1350,1040,1955,2005,396500
6,2.5,2890,8122,1,3,1630,1260,1977,2004,502000
4,2.5,2170,8518,1,3,1350,820,1955,2005,415000
4,1.75,2160,4333,1,4,1260,900,1942,1982,450000
4,1.75,1700,20283,1.5,3,1340,360,1965,1993,400000
3,2,1820,5000,1.5,4,1720,100,1941,1998,750000
4,2,1730,3884,1,5,1060,670,1924,1956,569000
4,3,3520,4895,1,3,1980,1540,1954,2005,800000
4,2.5,2650,30500,1,4,1680,970,1960,2001,715000
3,2.25,1780,7280,1,3,1340,440,1972,2002,449500
3,1,1830,8004,1,3,1200,630,1960,2012,403500
5,3,3190,7081,1,3,1890,1300,2013,1923,664950
5,3.25,2910,5027,2,3,2040,870,2013,1923,515000
3,1.75,1520,6380,1,3,790,730,1948,1994,438000
3,1,1660,11783,1,4,1160,500,1978,2000,367500
4,2.75,2610,8760,1,4,1760,850,1978,2000,762500
3,2.5,2410,64073,1,4,1820,590,1976,1992,625000
2,1.5,1580,3680,1,3,1280,300,1941,1994,530000
2,1,1270,5000,1,3,1090,180,1949,1998,615000
4,1.75,2700,27072,1,3,1380,1320,1958,2004,314900
5,4.75,6390,13180,2,3,4560,1830,1940,1996,2466350
4,2,2470,5080,1.5,3,1970,500,1948,1988,339000
4,3.25,3090,9571,2,3,2370,720,2004,2003,751000
3,1,1100,4128,1,4,720,380,1942,1982,339000
3,1,1490,7435,1,3,1120,370,1969,2010,258000
2,1.5,1200,1259,2,3,1000,200,2013,1923,455000
3,1.75,2000,9900,1,4,1480,520,1957,2001,440000
3,1,1480,7284,1,3,970,510,1963,2008,336500
4,1.75,1760,6204,1,4,1180,580,1950,1983,343500
3,2.5,1970,9607,2,3,1090,880,1988,2000,289000
5,2.75,2730,22572,1,3,2080,650,1968,1992,599000
4,3,3330,4000,1,3,1790,1540,1958,2004,850000
3,2.25,2400,5000,1.5,4,1440,960,1926,1993,575000
4,1,2550,4000,2,3,2370,180,1905,2010,890000
3,4.5,4380,47044,2,3,3720,660,1968,1990,995000
4,1,1530,8890,1,3,980,550,1925,2002,352000
4,4,3570,8250,2,3,2860,710,2013,1923,597326
2,0.75,1440,3700,1,3,1200,240,1914,1996,562100
5,3.5,3100,10200,1,3,1660,1440,1970,2014,905000
4,2.5,2180,3375,1.5,4,1420,760,1926,1993,657000
4,2.25,2050,9583,2,3,1770,280,1965,1993,386000
3,2.25,1700,3333,1.5,3,1100,600,1924,2011,575000
3,1.5,1190,4750,1,3,970,220,1940,1996,500000
6,2.25,3040,28535,1,3,1890,1150,1951,1994,330000
3,1.5,2330,11740,1,3,1330,1000,1954,2005,450000
3,2.25,1640,8400,1,3,1180,460,1968,1997,245700
4,2.75,1910,16532,1,4,1420,490,1940,2001,650000
5,2.25,2140,7910,1,3,1070,1070,1962,2003,530000
5,3.5,5850,22885,2,4,4670,1180,1978,2000,1700000
2,1,2060,8398,1,3,1260,800,1962,2003,270000
4,2.75,2310,5650,1,3,1330,980,1952,2012,450000
2,1.75,1610,6300,1,3,1010,600,1941,1994,346500
3,1.5,1580,8184,1,3,1140,440,1954,2005,260000
5,2.5,2700,21208,1,4,1950,750,1955,2009,625000
4,2.75,2890,6825,1,3,1560,1330,1973,2013,585000
4,1.75,2085,174240,1,3,1610,475,1964,2000,563500
3,2.5,1730,8490,1,3,1210,520,1969,2010,460000
3,2.75,2850,14800,1,4,1920,930,1976,1992,775000
6,3.5,3600,6875,2,3,2740,860,2004,2003,620000
4,2.75,2110,8751,1,3,1510,600,1962,2003,435000
4,2.5,2550,19017,1,4,1300,1250,1961,2001,460000
5,3,3690,49709,1,3,2690,1000,1960,2012,575000
4,2.5,2160,7826,1,4,1390,770,1976,1992,440000
4,2.25,2600,9900,1,3,1600,1000,1965,1993,270000
4,2.75,2880,4000,1.5,3,2100,780,1912,2000,755000
2,1.75,840,3340,1,3,700,140,1912,1994,450000
3,3.25,3740,136915,2.5,3,3100,640,1990,2009,710000
4,2.75,2620,4743,1,4,1310,1310,1949,1985,815000
3,2,1660,3729,1,5,970,690,1922,1956,638000
3,2.5,3240,8016,2,3,2910,330,2004,2003,600000
3,1,1640,12384,1,4,1090,550,1954,1979,253500
3,1,1310,9612,1,3,960,350,1962,2003,150000
3,1.5,2120,6290,1,4,1220,900,1949,1985,440000
3,1.75,3320,478288,1.5,4,2260,1060,1933,1982,667000
4,3,4040,20001,1,3,2020,2020,1972,2001,1388000
3,3,2480,5500,2,3,1730,750,1950,2005,1387800
4,2.5,3230,12100,1,3,1870,1360,1977,2004,827000
5,2.5,2500,9583,1,3,1300,1200,1979,2014,235000
3,1.5,2380,14500,1,4,1850,530,1961,2001,370000
3,2,1480,3876,1,5,860,620,1928,1970,663000
3,2.25,2400,5300,1.5,4,1250,1150,1939,1989,672500
4,2.25,2300,7700,1,3,1380,920,1959,1989,417000
3,1.75,1960,6380,1,4,980,980,1939,1989,561500
5,2.5,3260,24300,1.5,4,2310,950,1950,1983,755000
5,1.75,1890,5000,1.5,3,1090,800,1906,2014,523460
3,1.75,1780,10409,1,3,1280,500,1981,2013,342000
3,1.5,1200,6240,1,3,1030,170,1952,2008,718500
3,2.5,1700,9100,1,3,1160,540,1998,2006,475000
4,2.25,2500,4046,1.5,4,1520,980,1940,2001,669500
3,2.25,2090,10733,1,3,1440,650,1958,2004,491950
4,2,1360,60548,1,3,960,400,1960,2012,263400
3,1,1580,6300,1,3,1180,400,1925,2002,535000
4,2.25,2070,39446,1,3,1470,600,1977,2004,445800
2,1.5,1190,3400,1,3,990,200,1919,2001,441000
5,4.25,4830,8050,2.5,4,3710,1120,1914,1945,1925000
5,3.25,2820,6589,1.5,3,2320,500,1906,2014,408000
4,3,2440,9664,2,3,1890,550,1981,2013,480000
2,1,1320,9967,1,3,940,380,1919,2001,255000
3,2.5,2650,2387,2,3,1830,820,1920,1979,850000
2,2,1860,10856,1,3,1260,600,1952,2008,265000
3,2,1890,29185,1,3,1470,420,1949,2013,570000
4,2.5,2680,12215,1,3,1590,1090,1956,2001,1309500
5,3,2870,5700,1,3,1950,920,1964,2000,765000
4,1.75,2120,9786,1,3,1640,480,1967,2011,492650
3,2.5,1680,11312,1,3,1080,600,1959,1989,330000
2,1,950,4500,1,3,850,100,1926,2003,500000
3,1.75,1990,9594,1,3,1190,800,1977,2004,507500
5,5.5,7050,42840,1,4,4320,2730,1978,2000,3800000
3,2.75,3890,7216,2,3,3260,630,1967,2010,1080000
4,2.75,3770,10900,2,5,3070,700,1924,1956,1695000
3,2,1410,6413,1,4,910,500,1947,1988,590000
3,2,2500,4080,1.5,5,1680,820,1922,1956,695000
3,2,2570,28500,1,3,1970,600,1983,2009,660000
3,2.75,2090,9620,1,3,1340,750,1987,2000,300000
5,2.25,2980,7781,1,3,1580,1400,1960,2012,600000
5,2.25,3740,32481,1.5,3,2240,1500,1958,2004,392000
4,3,2130,6325,1,5,1440,690,1948,1985,620000
3,2.25,1920,9680,1,4,1300,620,1961,2001,260000
4,2.75,2970,12750,1.5,4,2130,840,1918,1986,1565000
3,2.25,3530,17450,1,3,1840,1690,1930,1993,2367000
4,3,2890,6885,1,3,1590,1300,1945,2013,476000
2,2.5,1160,1458,2,3,1040,120,2012,1912,525000
3,1.75,1540,3000,1,3,770,770,1920,1979,512031
3,2.5,3280,10302,1,3,1680,1600,1970,2014,1075000
4,2,2430,8960,1,3,1430,1000,1960,2012,255000
3,2,1660,15050,1,3,1260,400,1983,2009,453000
4,2.25,1950,5950,1,3,1330,620,1947,2012,895000
5,2.25,2570,13054,1,3,1470,1100,1950,1992,519000
3,1.75,2330,12141,1,3,1390,940,1983,2009,535000
3,2.25,1920,7738,1,3,1520,400,1965,1993,250000
3,2.25,1900,3960,1.5,3,1200,700,1905,2010,580000
5,1,1590,6700,1.5,3,1090,500,1942,1999,185000
4,2.75,2160,5005,1,3,1430,730,1987,2000,550000
2,1,2160,12960,1,3,1360,800,1968,1997,305000
2,1.5,1570,3600,1.5,4,1320,250,1906,1990,782000
4,2.25,2430,4748,1.5,3,1630,800,1928,1954,723000
5,1,1870,7800,1,3,1580,290,1962,2003,262000
3,3.5,4660,5500,2,5,3040,1620,1909,1988,2147500
3,1,1580,7424,1,3,1010,570,1962,2003,305000
3,4.5,3850,62726,2,3,3120,730,2013,1923,915000
3,1.75,1830,7969,1,3,930,900,1950,2008,312500
3,1.75,1530,6743,1,3,1410,120,1955,2005,575000
5,3,3420,18129,2,3,2540,880,1952,2005,1195000
8,2.75,2790,6695,1,3,1470,1320,1977,2004,340000
3,2,2300,13418,1,3,1430,870,1955,2005,610000
5,1.75,1840,10453,1,3,1360,480,1948,1994,395000
3,1.5,1810,5080,1,3,1030,780,1958,2004,430000
4,2.5,2360,10000,1,3,1980,380,1977,2004,633000
4,2.5,2800,10786,1,3,1420,1380,1970,2014,605000
4,2.5,3160,4620,1.5,3,2020,1140,1917,2005,1280000
4,1,1660,4704,1.5,3,1260,400,1930,1997,548800
4,3,3040,36246,1.5,3,2680,360,1923,2014,870000
4,3.25,4100,241322,2,3,2500,1600,1981,2013,775000
6,3.5,3000,8401,1,3,1500,1500,1979,2014,527000
3,1.75,2220,11646,1,3,1270,950,1950,2005,320000
2,1,1500,6685,1,3,1190,310,1926,2003,245000
3,2.5,3110,6765,2,4,2550,560,1946,1989,1636000
2,1,1060,7700,1,3,820,240,1981,2013,170500
2,1,1080,2674,1,4,720,360,1919,1985,315000
3,2.25,2120,14915,1,3,1720,400,1979,2014,332000
2,1,1060,3040,1,3,860,200,1924,2011,480000
4,2.25,1950,9800,1,3,1330,620,1968,1997,560000
4,2.25,2060,7283,1,3,1220,840,1963,2013,410000
3,1,1650,6400,1,4,980,670,1954,1979,371500
4,1.75,2100,11942,1,3,1030,1070,1964,2000,368000
4,3.5,5270,53428,2,3,3440,1830,2004,2003,782000
4,2.25,1900,7200,1,3,1370,530,1977,2004,485000
4,2.75,2230,9640,1,3,1320,910,1998,2006,435000
4,2.75,2250,3433,1.5,3,1500,750,1927,2013,1050000
4,2.5,3180,31931,1,4,2390,790,1978,2000,1115000
3,2.25,1940,5980,1,3,1520,420,1987,2000,580000
5,2.75,3500,5040,2,3,2950,550,1927,2007,970000
3,2,2560,14680,1,3,1330,1230,1987,2000,599000
4,1.75,2790,17476,1,3,1450,1340,1956,2001,568000
2,1.5,1920,3408,1,4,960,960,1912,1989,517000
3,2.5,3490,8343,2,4,2150,1340,1939,1991,1675000
3,2.5,3480,7800,1,4,1750,1730,1941,1998,950000
4,2.5,1984,32400,1,3,1564,420,1962,2003,380000
3,3.25,1450,1387,2,3,1180,270,2013,1923,320000
4,2.75,2910,18700,1,3,2210,700,1957,1995,749950
4,1.75,1880,8800,1,3,1130,750,1960,2012,284000
6,3.75,4000,6015,2,3,3080,920,2004,2003,570000
5,1.5,1730,9230,1,3,1010,720,1962,2003,287000
4,1.75,2000,3988,1,4,1000,1000,1958,1972,810000
3,1,1450,7200,1,3,1010,440,1969,2010,306000
4,2.5,2920,5500,1,3,2030,890,1957,2000,1250000
2,1,1320,8830,1,3,1020,300,1939,1969,425000
4,2.25,2010,7688,1,3,1170,840,1979,2014,229000
5,2.5,2850,209523,1,4,1930,920,1925,1968,450000
4,2.5,2100,8400,1,4,1240,860,1976,1992,468000
4,2.25,2380,17199,2,3,1530,850,1979,2014,470000
4,1.75,1820,5015,1,4,1190,630,1926,1993,300000
5,5.25,4830,18707,2,5,3930,900,1952,1998,1681000
3,1.75,3160,76230,1,4,2160,1000,1978,2000,625000
3,1.75,1850,5100,1,3,1020,830,1909,2004,580000
4,3.5,3360,9767,2,3,2450,910,1990,2009,412000
4,3.25,3730,4560,2,3,2760,970,2013,1923,595000
2,2.5,2410,102366,1,4,1940,470,1912,1989,600000
6,2.75,2980,5000,1.5,3,2480,500,1916,1986,775000
2,1.75,1950,2719,1,5,1010,940,1919,1934,725000
4,2,1840,5419,1,4,920,920,1942,1982,639000
3,2.75,2220,4000,2,3,1700,520,1914,2000,800000
6,2.5,2640,3680,2,5,1760,880,1922,1956,880000
3,2,2320,10960,1,3,1510,810,1956,2001,657500
3,1.5,1620,6630,1,3,1280,340,1954,2005,620000
4,2.25,1740,8449,1,4,1170,570,1958,1972,455000
3,2.5,2970,23100,1,3,1510,1460,1967,2011,400000
5,3.25,3240,6551,1.5,4,2500,740,1939,1989,1234582
3,2.25,1820,8008,1,3,1240,580,1981,2013,475000
4,2.25,2160,8119,1,3,1080,1080,1966,1913,440000
3,2.5,2190,11394,1,3,1550,640,1956,2001,12899000
4,1,2100,9200,1,3,1050,1050,1959,1989,2110000
4,2.5,2800,5900,1,3,1660,1140,1963,2008,744312.5
3,3.5,3020,4082,2,3,2080,940,1954,2004,439333.3333
3,1.5,1770,17208,1,3,1160,610,1959,1989,254000
4,2.5,2550,10000,1,3,1290,1260,1964,2000,642000
3,2,1510,7066,1,3,1230,280,1973,2013,300000
4,2.5,1840,1562,2,3,1400,440,2004,2003,274750
4,1,1530,7200,1.5,3,1400,130,1948,1994,135333.3333
3,1.75,2150,4333,1,3,1200,950,1956,2001,440825
5,3.75,5340,10655,2.5,4,3740,1600,1912,1989,195000
4,1.75,2420,7672,1,3,1480,940,1979,2014,257500
4,1,1310,5200,1.5,3,1160,150,1945,2010,266066.6667
4,2.5,1720,9600,1,3,1120,600,1961,2004,328211.9048
2,1,1500,4120,1.5,3,880,620,1928,1954,156766.6667
2,1,1090,5000,1,4,730,360,1942,1982,287919.7826
3,2.5,1840,3035,1,3,920,920,1926,2003,678333.3333
5,2.75,2910,36250,1,3,1590,1320,1977,2004,542804.75
4,2.25,2290,5350,2,4,2120,170,1958,1972,535000
2,1,1470,7137,1,3,1020,450,1941,1994,458663.8889
4,2.5,3700,21755,1,3,2620,1080,1988,2000,812650
4,3.25,2420,4000,1.5,5,1870,550,1911,1984,790000
3,2.5,2300,3060,1.5,3,1510,790,1930,2002,738190.8571
3,2,2020,8555,1,4,1220,800,1957,2001,300000
4,3.25,2500,5801,1.5,3,1960,540,1926,2003,1036200
4,1.75,1580,5340,1,3,1130,450,1947,2012,351250
2,1,2550,21675,1,4,1610,940,1958,1972,180785.7143
3,1.75,1570,15330,1,3,1080,490,1956,2001,289987.5
5,2.75,2520,16100,1,4,1570,950,1960,2001,542500
3,2.5,1530,3210,1.5,5,1010,520,1928,1970,558653.8462
6,4.5,3830,4800,3,3,3050,780,1919,2004,1288333.333
2,1.75,1990,4000,1,5,1090,900,1952,1998,454790
4,2,1700,8640,1,3,850,850,1955,2010,282766.6667
3,1,1040,8892,1,4,800,240,1958,1972,182805
